{
    "handle_quat_candidate":
    [
        [0.25192415, -0.64412663, 0.57897236, 0.4317709],
        [-0.49077636, 0.42062713, -0.75930974, 0.07523369],
        [0.474576307745582, -0.089013785474907, 0.275616460318178, 0.831197594392378],
        [0.0, -0.707, 0.707, 0.0],
        [-0.46086475, -0.63305975, 0.39180338, 0.48304156],
        [-0.07865809, -0.89033475, 0.16254433, -0.41796684],
        [0.70738827, 0.0, 0.0, 0.70682518]
    ],

    "handle_pos_candidate":
    [
        [0.52, 0, 0.8],
        [0.38, 0, 0.9],
        [0.326, 0.232, 0.559],
        [0.55, 0.0, 0.75],
        [0.4, 0.3, 0.5],
        [0.35, 0.45, 0.9],
        [0.48, 0, 0.9]
    ],

    "valve_quat_candidate":
    [
        [0.0, 1.0, 0.0, 0.0],
        [-0.707, 0.707, 0.0, 0.0],
        [0.0, -0.707, 0.707, 0.0],
        [0.0, -0.707, 0.707, 0.0],
        [0.0, 0.707, -0.0, 0.707],
        [-0.707, 0.707, 0.0, 0.0]
    ],

    "valve_pos_candidate":
    [
        [0.38, 0.0, 0.45],
        [-0.2, 0.5, 0.6],
        [0.28, 0.0, 0.7],
        [0.38, 0.0, 0.5],
        [0.48, 0.0, 0.55],
        [0.3, 0.3, 0.6],
        [0.3, 0.3, 0.6]
    ]
}